Konto-/Kartennummer;Buchungssdatum;Kaufdatum;Umsatz/Ort;Fremdw�hrung;Kurs zu EUR;Betrag in EUR
434499xxxxxx2000;03.02.2016;03.02.2016;ZAHLUNG-LASTSCHRIFT;;;986,49
434499xxxxxx2000;05.02.2016;05.02.2016;- 416.0 EINGELOESTE AMAZON PUNKTE;;;
434499xxxxxx2000;23.02.2016;23.02.2016;ZAHLUNGSSCHUTZ;;;-3,07
434499xxxxxx2013;27.01.2016;26.01.2016;EDEKA FANDERL / INGOLSTADT;;;-4,98
434499xxxxxx2013;27.01.2016;27.01.2016;+ 2.0 AMAZON PUNKTE;;;
434499xxxxxx2013;29.01.2016;28.01.2016;DM-Drogerie Markt / Ingolstadt;;;-10,15
434499xxxxxx2013;29.01.2016;29.01.2016;+ 5.0 AMAZON PUNKTE;;;
434499xxxxxx2013;01.02.2016;30.01.2016;KAUFLAND INGOLSTADT / INGOLSTADT;;;-18,04
434499xxxxxx2013;01.02.2016;01.02.2016;+ 9.0 AMAZON PUNKTE;;;
434499xxxxxx2013;01.02.2016;30.01.2016;EDEKA FANDERL / INGOLSTADT;;;-2,53
434499xxxxxx2013;01.02.2016;01.02.2016;+ 1.0 AMAZON PUNKTE;;;
434499xxxxxx2013;08.02.2016;05.02.2016;Amazon EU / AMAZON.DE;;;-0,93
434499xxxxxx2013;08.02.2016;05.02.2016;TANKSTELLE WESTPARK / INGOLSTADT;;;-39,82
434499xxxxxx2013;08.02.2016;08.02.2016;+ 19.0 AMAZON PUNKTE;;;
434499xxxxxx2013;08.02.2016;05.02.2016;MUELLER  FIL. 1312 / INGOLSTADT;;;-4,59
434499xxxxxx2013;08.02.2016;08.02.2016;+ 2.0 AMAZON PUNKTE;;;
434499xxxxxx2013;08.02.2016;06.02.2016;KAUFLAND INGOLSTADT / INGOLSTADT;;;-10,88
434499xxxxxx2013;08.02.2016;08.02.2016;+ 5.0 AMAZON PUNKTE;;;
434499xxxxxx2013;09.02.2016;08.02.2016;EDEKA FANDERL / INGOLSTADT;;;-14,62
434499xxxxxx2013;09.02.2016;09.02.2016;+ 7.0 AMAZON PUNKTE;;;
434499xxxxxx2013;11.02.2016;09.02.2016;KAUFLAND INGOLSTADT / INGOLSTADT;;;-12,78
434499xxxxxx2013;11.02.2016;11.02.2016;+ 6.0 AMAZON PUNKTE;;;
434499xxxxxx2013;12.02.2016;11.02.2016;EDEKA FANDERL / INGOLSTADT;;;-4,63
434499xxxxxx2013;12.02.2016;12.02.2016;+ 2.0 AMAZON PUNKTE;;;
434499xxxxxx2013;15.02.2016;13.02.2016;KAUFLAND INGOLSTADT / INGOLSTADT;;;-11,94
434499xxxxxx2013;15.02.2016;15.02.2016;+ 5.0 AMAZON PUNKTE;;;
434499xxxxxx2013;17.02.2016;16.02.2016;EDEKA FANDERL / INGOLSTADT;;;-3,07
434499xxxxxx2013;17.02.2016;17.02.2016;+ 1.0 AMAZON PUNKTE;;;
