Konto-/Kartennummer;Buchungssdatum;Kaufdatum;Umsatz/Ort;Fremdw�hrung;Kurs zu EUR;Betrag in EUR
434499xxxxxx2000;02.03.2016;02.03.2016;ZAHLUNG-LASTSCHRIFT;;;142,03
434499xxxxxx2000;15.03.2016;15.03.2016;- 140.0 EINGELOESTE AMAZON PUNKTE;;;
434499xxxxxx2000;21.03.2016;21.03.2016;- 238.0 EINGELOESTE AMAZON PUNKTE;;;
434499xxxxxx2000;23.03.2016;23.03.2016;ZAHLUNGSSCHUTZ;;;-1,53
434499xxxxxx2013;26.02.2016;24.02.2016;KAUFLAND INGOLSTADT / INGOLSTADT;;;-18,29
434499xxxxxx2013;26.02.2016;26.02.2016;+ 9.0 AMAZON PUNKTE;;;
434499xxxxxx2013;29.02.2016;27.02.2016;DM-Drogerie Markt / Ingolstadt;;;-14,90
434499xxxxxx2013;29.02.2016;29.02.2016;+ 7.0 AMAZON PUNKTE;;;
434499xxxxxx2013;29.02.2016;27.02.2016;KAUFLAND INGOLSTADT / INGOLSTADT;;;-8,36
434499xxxxxx2013;29.02.2016;29.02.2016;+ 4.0 AMAZON PUNKTE;;;
434499xxxxxx2013;07.03.2016;05.03.2016;ALDI SUED SAGT DANKE / INGOLSTADT;;;-11,64
434499xxxxxx2013;07.03.2016;07.03.2016;+ 5.0 AMAZON PUNKTE;;;
434499xxxxxx2013;08.03.2016;07.03.2016;TANKSTELLE WESTPARK / INGOLSTADT;;;-29,97
434499xxxxxx2013;08.03.2016;08.03.2016;+ 14.0 AMAZON PUNKTE;;;
434499xxxxxx2013;09.03.2016;08.03.2016;OTTO GMBH & CO. KG;;;15,00
434499xxxxxx2013;09.03.2016;09.03.2016;- 7.0 AMAZON PUNKTE;;;
434499xxxxxx2013;10.03.2016;09.03.2016;Lidl Vertriebs GmbH & Co. / Ingolstadt;;;-10,40
434499xxxxxx2013;10.03.2016;10.03.2016;+ 5.0 AMAZON PUNKTE;;;
434499xxxxxx2013;10.03.2016;09.03.2016;Rossmann 2380 / Ingolstadt;;;-15,46
434499xxxxxx2013;10.03.2016;10.03.2016;+ 7.0 AMAZON PUNKTE;;;
434499xxxxxx2013;11.03.2016;10.03.2016;ALDI SUED SAGT DANKE / INGOLSTADT;;;-6,58
434499xxxxxx2013;11.03.2016;11.03.2016;+ 3.0 AMAZON PUNKTE;;;
434499xxxxxx2013;14.03.2016;11.03.2016;WWW.BRANDS4FRIENDS.DEORDE / PRIVATE SALE;;;-26,88
434499xxxxxx2013;14.03.2016;14.03.2016;+ 13.0 AMAZON PUNKTE;;;
434499xxxxxx2013;14.03.2016;12.03.2016;DM-Drogerie Markt / Ingolstadt;;;-10,40
434499xxxxxx2013;14.03.2016;14.03.2016;+ 5.0 AMAZON PUNKTE;;;
434499xxxxxx2013;14.03.2016;12.03.2016;Galeria Kaufhof 626 / Ingolstadt;;;-56,67
434499xxxxxx2013;14.03.2016;14.03.2016;+ 28.0 AMAZON PUNKTE;;;
434499xxxxxx2013;16.03.2016;15.03.2016;Amazon EU / AMAZON.DE;;;-109,60
434499xxxxxx2013;16.03.2016;16.03.2016;+ 218.0 AMAZON PUNKTE;;;
434499xxxxxx2013;18.03.2016;16.03.2016;PAYPAL *HONSSANGMBH / 35314369001;;;-40,22
434499xxxxxx2013;18.03.2016;18.03.2016;+ 20.0 AMAZON PUNKTE;;;
434499xxxxxx2013;22.03.2016;21.03.2016;Amazon EU / AMAZON.DE;;;-45,61
434499xxxxxx2013;22.03.2016;22.03.2016;+ 90.0 AMAZON PUNKTE;;;
