Konto-/Kartennummer;Buchungssdatum;Kaufdatum;Umsatz/Ort;Fremdw�hrung;Kurs zu EUR;Betrag in EUR
434499xxxxxx2000;28.12.2015;28.12.2015;- 500.0 PUNKTE JAHRESKARTENPREIS;;;
434499xxxxxx2000;30.12.2015;30.12.2015;+ 239.0 ERSTATTETE AMAZON PUNKTE;;;
434499xxxxxx2000;30.12.2015;30.12.2015;ZAHLUNG-LASTSCHRIFT;;;710,34
434499xxxxxx2000;25.01.2016;25.01.2016;ZAHLUNGSSCHUTZ;;;-6,38
434499xxxxxx2013;28.12.2015;23.12.2015;Media Markt TV-HiFi-Elekt / Ingolstadt;;;-200,00
434499xxxxxx2013;28.12.2015;28.12.2015;+ 100.0 AMAZON PUNKTE;;;
434499xxxxxx2013;28.12.2015;23.12.2015;www.brands4 ORDER BY BRA / Private Sale;;;-19,99
434499xxxxxx2013;28.12.2015;28.12.2015;+ 9.0 AMAZON PUNKTE;;;
434499xxxxxx2013;28.12.2015;23.12.2015;ALDI SUED SAGT DANKE / INGOLSTADT;;;-35,06
434499xxxxxx2013;28.12.2015;28.12.2015;+ 17.0 AMAZON PUNKTE;;;
434499xxxxxx2013;28.12.2015;24.12.2015;DM-Drogerie Markt / Ingolstadt;;;-59,40
434499xxxxxx2013;28.12.2015;28.12.2015;+ 29.0 AMAZON PUNKTE;;;
434499xxxxxx2013;28.12.2015;24.12.2015;DM-Drogerie Markt / Ingolstadt;;;-40,15
434499xxxxxx2013;28.12.2015;28.12.2015;+ 20.0 AMAZON PUNKTE;;;
434499xxxxxx2013;28.12.2015;24.12.2015;WOEHRL AG / INGOLSTADT;;;-52,49
434499xxxxxx2013;28.12.2015;28.12.2015;+ 26.0 AMAZON PUNKTE;;;
434499xxxxxx2013;28.12.2015;24.12.2015;KAUFLAND INGOLSTADT / INGOLSTADT;;;-16,28
434499xxxxxx2013;28.12.2015;28.12.2015;+ 8.0 AMAZON PUNKTE;;;
434499xxxxxx2013;29.12.2015;28.12.2015;MARC O'POLO / INGOLSTADT;;;-169,90
434499xxxxxx2013;29.12.2015;29.12.2015;+ 84.0 AMAZON PUNKTE;;;
434499xxxxxx2013;29.12.2015;28.12.2015;BAUHAUS 568 / INGOLSTADT;;;-52,90
434499xxxxxx2013;29.12.2015;29.12.2015;+ 26.0 AMAZON PUNKTE;;;
434499xxxxxx2013;29.12.2015;28.12.2015;OTTO GMBH & CO. KG;;;15,00
434499xxxxxx2013;29.12.2015;29.12.2015;- 7.0 AMAZON PUNKTE;;;
434499xxxxxx2013;30.12.2015;29.12.2015;DM-Drogerie Markt / Ingolstadt;;;-5,15
434499xxxxxx2013;30.12.2015;30.12.2015;+ 2.0 AMAZON PUNKTE;;;
434499xxxxxx2013;30.12.2015;29.12.2015;www.brands4 ORDER BY BRA / Private Sale;;;-11,89
434499xxxxxx2013;30.12.2015;30.12.2015;+ 5.0 AMAZON PUNKTE;;;
434499xxxxxx2013;04.01.2016;31.12.2015;NETTO SAGT DANKE 8685 / COTTBUS;;;-12,04
434499xxxxxx2013;04.01.2016;04.01.2016;+ 6.0 AMAZON PUNKTE;;;
434499xxxxxx2013;04.01.2016;02.01.2016;REWE Markt Thomas Berges / Cottbus;;;-8,48
434499xxxxxx2013;04.01.2016;04.01.2016;+ 4.0 AMAZON PUNKTE;;;
434499xxxxxx2013;04.01.2016;02.01.2016;REWE Markt Thomas Berges / Cottbus;;;-2,64
434499xxxxxx2013;04.01.2016;04.01.2016;+ 1.0 AMAZON PUNKTE;;;
434499xxxxxx2013;04.01.2016;02.01.2016;Lidl Vertriebs GmbH & Co. / Cottbus;;;-5,35
434499xxxxxx2013;04.01.2016;04.01.2016;+ 2.0 AMAZON PUNKTE;;;
434499xxxxxx2013;04.01.2016;30.12.2015;Amazon DE Marketplace;;;137,60
434499xxxxxx2013;04.01.2016;04.01.2016;- 274.0 AMAZON PUNKTE;;;
434499xxxxxx2013;08.01.2016;07.01.2016;DM-Drogerie Markt / Ingolstadt;;;-28,15
434499xxxxxx2013;08.01.2016;08.01.2016;+ 14.0 AMAZON PUNKTE;;;
434499xxxxxx2013;08.01.2016;07.01.2016;MUELLER  FIL. 1312 / INGOLSTADT;;;-5,78
434499xxxxxx2013;08.01.2016;08.01.2016;+ 2.0 AMAZON PUNKTE;;;
434499xxxxxx2013;13.01.2016;11.01.2016;KAUFLAND INGOLSTADT / INGOLSTADT;;;-11,23
434499xxxxxx2013;13.01.2016;13.01.2016;+ 5.0 AMAZON PUNKTE;;;
434499xxxxxx2013;15.01.2016;14.01.2016;DM-Drogerie Markt / Ingolstadt;;;-11,95
434499xxxxxx2013;15.01.2016;15.01.2016;+ 5.0 AMAZON PUNKTE;;;
434499xxxxxx2013;18.01.2016;25.12.2015;OTTO GMBH & CO.KG / HAMBURG;;;-314,94
434499xxxxxx2013;18.01.2016;18.01.2016;+ 157.0 AMAZON PUNKTE;;;
434499xxxxxx2013;19.01.2016;16.01.2016;KAUFLAND INGOLSTADT / INGOLSTADT;;;-27,71
434499xxxxxx2013;19.01.2016;19.01.2016;+ 13.0 AMAZON PUNKTE;;;
434499xxxxxx2013;19.01.2016;18.01.2016;TANKSTELLE WESTPARK / INGOLSTADT;;;-25,41
434499xxxxxx2013;19.01.2016;19.01.2016;+ 12.0 AMAZON PUNKTE;;;
434499xxxxxx2013;25.01.2016;23.01.2016;EDEKA FANDERL / INGOLSTADT;;;-15,82
434499xxxxxx2013;25.01.2016;25.01.2016;+ 7.0 AMAZON PUNKTE;;;
